﻿[
  {
    "outputFile": "wwwroot/sass/color.css",
    "inputFile": "wwwroot/sass/color.scss"
  },
  {
    "outputFile": "wwwroot/sass/link.css",
    "inputFile": "wwwroot/sass/link.scss"
  },
  {
    "outputFile": "wwwroot/sass/layout.css",
    "inputFile": "wwwroot/sass/layout.scss"
  },
  {
    "outputFile": "wwwroot/sass/general.css",
    "inputFile": "wwwroot/sass/general.scss"
  },
  {
    "outputFile": "wwwroot/sass/home.css",
    "inputFile": "wwwroot/sass/home.scss"
  },
  {
    "outputFile": "wwwroot/sass/button.css",
    "inputFile": "wwwroot/sass/button.scss"
  },
  {
    "outputFile": "wwwroot/sass/about.css",
    "inputFile": "wwwroot/sass/about.scss"
  }
]